column,level
50,52
58,52
62,50
70,49
305,64
305,65
305,66
394,53
395,50
398,50
399,49
399,50
401,51
402,50
403,49
412,49
430,53
455,53
696,52
697,52
701,52
702,53
718,54
719,54
733,52
736,52
846,59
846,60
853,60
853,61
853,62
854,57
854,58
854,59
854,60
854,61
854,62
854,63
854,64
888,55
889,54
963,53
966,53
966,54
967,50
967,51
967,52
968,50
968,51
968,53
969,53
970,53
971,51
971,53
973,53
974,53
975,53
979,53
982,52
982,53
996,52
1092,53
1100,53
1121,51
1122,53
1153,54
1157,56
1158,55
1163,56
1241,50
1241,53
1242,51
1242,52
1244,51
1245,51
1245,52
1248,51
1249,52
1252,51
1252,52
1253,52
1254,51
1257,51
1283,51
1283,52
1363,53
1364,54
1365,55
1518,51
1523,51
1572,51
1572,52
1575,50
1582,51
1583,51
1584,52
1630,54
1681,63
1812,51
1812,52
1816,49
1817,52
1817,53
1818,53
1819,53
1825,53
1837,55
1841,50
1842,50
1849,50
1851,51
1858,52
1859,53
1861,55
1862,55
1863,55
1871,55
1877,54
2028,52
2032,52
2033,51
2034,50
2035,52
2036,51
2037,51
2038,52
2042,49
2043,49
2044,50
2046,50
2047,51
2048,51
2071,53
2077,51
2077,52
2086,54
2089,54
2109,56
2110,55
2217,49
2217,50
2224,49
2231,50
2234,50
2237,54
2238,50
2239,50
2240,49
2242,49
2244,48
2245,49
2266,47
2273,51
2274,52
2301,53
2305,52
2306,52
2307,52
2308,52
2311,52
2313,53
2314,53
2315,53
2316,53
2321,54
2322,54
2363,54
2512,49
2516,49
2517,49
2527,52
2540,49
2540,51
2543,51
2571,53
2579,52
2581,53
2584,52
2587,53
2589,54
2593,53
2598,54
2599,54
2600,54
2602,54
2604,54
2605,54
2613,54
2627,53
2794,52
2814,47
2814,48
2817,47
2818,47
2819,47
2820,47
2864,55
2869,54
2874,55
2883,54
3002,64
3002,65
3078,47
3085,47
3086,47
3087,54
3093,52
3145,56
3153,55
3160,54
3163,55
3165,54
3166,55
3168,55
3169,54
3280,51
3294,50
3297,50
3301,50
3333,54
3336,50
3336,57
3339,51
3341,48
3343,50
3364,52
3369,52
3370,50
3424,55
3555,49
3563,51
3564,51
3565,50
3566,51
3567,51
3631,52
3678,52
3682,55
3683,54
3684,54
3685,52
3686,52
3687,52
3687,54
3689,56
3694,54
3695,56
3733,57
3736,57
3737,57
3739,57
3825,49
3836,50
3836,51
3837,49
3837,50
3838,49
3839,50
3841,50
3854,50
3855,49
3855,50
3858,50
3887,50
3890,50
3891,48
3891,49
3892,50
3892,51
3893,49
3893,50
3894,48
3894,49
3942,48
3949,48
3961,54
3965,47
4070,46
4088,64
4105,49
4160,49
4163,49
4167,48
4167,49
4186,55
4190,55
4194,56
4195,55
4195,56
4212,55
4215,55
4216,48
4219,48
4220,47
4220,48
4223,47
4223,48
4224,47
4224,48
4228,46
4228,47
4228,48
4229,46
4229,47
4229,48
4231,47
4231,48
4232,53
4237,53
4239,53
4239,54
4240,54
4241,54
4242,54
4242,55
4244,54
4245,55
4247,53
4248,53
4249,54
4249,55
4250,55
4251,53
4252,54
4252,55
4257,47
4258,53
4259,47
4260,47
4264,47
4287,49
4287,50
4287,51
4287,52
4292,54
4294,49
4294,51
4294,52
4295,49
4295,51
4295,52
4296,49
4296,51
4296,52
4303,49
4303,50
4402,52
4432,51
4433,47
4433,48
4433,49
4433,50
4434,48
4434,49
4435,49
4436,48
4436,49
4436,50
4437,49
4441,48
4460,56
4461,56
4466,56
4470,56
4472,55
4476,55
4479,55
4481,54
4481,55
4482,54
4483,54
4483,55
4484,54
4485,54
4486,54
4486,55
4487,53
4487,54
4488,54
4489,53
4489,54
4490,53
4492,54
4493,54
4494,54
4495,54
4496,54
4497,54
4498,53
4499,53
4499,54
4500,53
4500,54
4501,54
4502,54
4504,53
4504,54
4507,54
4517,54
4517,55
4518,55
4525,53
4526,47
4527,47
4528,54
4528,55
4529,47
4529,48
4530,47
4530,48
4532,48
4533,47
4533,48
4534,47
4537,46
4537,47
4538,47
4540,48
4541,47
4547,47
4561,48
4561,49
4561,50
4561,51
4562,48
4562,49
4562,50
4562,51
4563,48
4563,50
4566,48
4566,49
4570,48
4570,50
4572,49
4575,49
4669,56
4669,57
4669,58
4744,56
4745,55
4746,54
4746,55
4752,55
4753,54
4753,55
4754,54
4755,54
4761,55
4762,52
4762,54
4763,52
4763,53
4763,54
4767,55
4799,49
4800,48
4800,49
4807,48
4807,49
4808,48
4808,49
4809,48
4816,48
4830,50
4830,69
4832,50
4833,50
4837,50
4840,50
5099,49
5100,50
6145,54
6148,54
8026,49
8026,51
8231,63
8231,64
8235,62
8235,63
8235,64
8235,65
8250,70
8250,71
8260,69
8495,59
8495,60
8495,61
8496,59
8496,60
8496,61
8504,60
8510,58
8510,59
8510,60
8511,59
8511,60
8511,61
8511,62
8512,59
8512,60
8513,60
8513,61
8513,62
8521,60
8521,61
8521,62
8535,58
8545,58
8545,59
8739,52
8991,54
8994,53
8995,54
8996,52
8997,51
8998,53
9001,61
9001,62
9008,51
9207,58
9207,59
9207,60
9214,57
9214,58
9214,59
9214,60
9216,58
9223,55
9224,55
9224,56
9225,55
9225,56
9225,57
9225,58
9225,59
9229,55
9232,56
9232,57
9232,58
9232,59
9233,55
9233,58
9233,59
9234,54
9234,56
9234,57
9234,58
9234,59
9242,53
9242,54
9242,55
9242,56
9242,57
9242,58
9251,54
9251,56
9251,57
9251,58
9251,59
9251,60
9274,51
9274,52
9294,51
9296,51
9297,50
9300,52
9301,50
9302,49
9302,50
9303,49
9307,52
9310,49
9312,53
9313,49
9479,55
9479,56
9479,57
9479,58
9479,59
9479,60
9479,61
9480,55
9480,56
9480,57
9480,58
9480,59
9480,60
9480,61
9487,55
9487,56
9487,57
9487,58
9487,59
9487,60
9487,61
9488,55
9488,56
9488,57
9488,58
9488,59
9488,60
9489,55
9489,57
9489,58
9489,59
9489,60
9491,55
9491,56
9491,57
9491,59
9491,60
9491,61
9491,62
9492,55
9492,56
9492,57
9492,59
9492,60
9492,61
9492,62
9492,63
9495,55
9495,57
9495,60
9495,61
9495,62
9496,55
9496,56
9496,57
9496,58
9496,59
9496,60
9497,55
9497,56
9497,57
9497,58
9497,59
9497,60
9497,61
9498,55
9498,56
9498,57
9498,58
9498,59
9498,60
9498,61
9499,55
9499,56
9499,57
9499,59
9499,60
9499,61
9499,62
9500,55
9500,56
9500,57
9500,59
9500,60
9500,61
9500,62
9501,55
9501,56
9501,57
9501,59
9501,60
9501,61
9501,62
9502,55
9502,56
9502,57
9502,60
9502,61
9502,62
9503,60
9503,61
9504,59
9504,60
9505,54
9505,55
9505,57
9505,58
9505,59
9505,60
9506,53
9506,54
9506,55
9506,56
9506,57
9506,58
9506,59
9506,60
9507,59
9508,56
9508,57
9508,58
9508,59
9508,60
9508,61
9508,62
9509,57
9509,58
9509,59
9509,60
9510,54
9511,59
9511,60
9515,55
9515,56
9515,57
9515,58
9515,59
9523,52
9527,53
9528,50
9530,53
9531,50
9534,51
9536,51
9551,54
9552,53
9557,55
9559,52
9560,51
9561,50
9563,50
9563,51
9564,50
9566,50
9566,51
9567,50
9571,50
9574,50
9686,57
9726,53
9729,55
9729,56
9733,52
9736,50
9736,51
9736,52
9762,55
9762,56
9766,57
9766,58
9766,59
9791,54
9792,53
9794,52
9795,50
9795,51
9797,52
9802,52
9831,50
9834,49
9834,50
9835,51
9836,49
9836,50
9837,49
9841,49
9841,50
9844,49
9855,56
9862,56
9863,56
9863,58
9863,59
9863,60
9863,61
9864,56
9864,58
9864,59
9864,60
9871,56
9872,61
9881,58
9881,59
9882,55
10000,51
10000,52
10000,53
10001,51
10001,52
10002,53
10003,55
10003,58
10004,51
10004,52
10004,53
10005,51
10005,52
10007,51
10007,53
10008,51
10008,52
10008,53
10009,53
10012,52
10013,53
10014,53
10015,52
10015,53
10016,52
10021,53
10022,53
10024,53
10025,53
10033,53
10034,53
10079,57
10099,50
10100,49
10100,50
10102,50
10103,49
10106,49
10114,50
10114,52
10118,55
10119,55
10126,55
10127,56
10128,56
10130,55
10131,55
10135,56
10136,56
10138,55
10141,55
10142,55
10143,56
10144,56
10144,59
10144,60
10144,61
10145,55
10145,59
10145,60
10146,55
10147,56
10148,56
10149,58
10149,59
10149,60
10155,55
10156,56
10156,57
10156,58
10156,59
10156,60
10156,61
10159,59
10166,56
10256,48
10258,48
10271,53
10272,51
10272,52
10272,53
10272,59
10272,60
10274,53
10275,52
10277,53
10278,51
10278,52
10279,51
10279,52
10279,53
10282,51
10282,52
10282,53
10283,54
10285,53
10286,54
10286,62
10294,55
10370,49
10370,50
10371,48
10373,52
10374,50
10374,51
10377,52
10378,51
10378,52
10378,53
10379,49
10379,50
10381,48
10381,49
10384,50
10384,51
10385,48
10391,47
10393,51
10394,50
10429,55
10442,60
10509,48
10514,48
10515,48
10517,48
10517,49
10518,48
10518,49
10522,48
10534,49
10537,48
10541,52
10541,53
10541,57
10541,58
10541,59
10541,60
10542,51
10542,52
10544,52
10544,53
10544,54
10545,52
10545,53
10547,54
10548,52
10548,53
10549,53
10550,54
10550,60
10550,61
10550,62
10552,53
10553,54
10553,58
10553,59
10553,60
10553,61
10554,55
10554,58
10554,59
10554,61
10554,62
10555,53
10556,54
10556,58
10556,60
10556,61
10556,62
10557,55
10557,59
10557,60
10557,61
10557,62
10559,55
10561,55
10563,59
10563,60
10564,55
10564,59
10564,60
10564,61
10565,55
10565,57
10565,58
10565,59
10565,60
10565,61
10565,62
10566,57
10566,58
10566,59
10566,60
10570,58
10570,59
10570,60
10571,56
10573,56
10573,61
10574,56
10574,60
10574,61
10574,62
10575,56
10576,56
10577,56
10580,56
10581,56
10583,56
10584,56
10588,61
10588,62
10589,62
10591,59
10591,60
10591,61
10591,62
10617,56
10649,48
10649,49
10653,47
10658,49
10668,49
10693,55
10774,49
10782,49
10783,49
10784,49
10786,49
10787,50
10787,51
10787,52
10789,49
10790,51
10794,48
10796,48
10796,49
10797,48
10799,48
10800,48
10801,48
10804,50
10807,54
10808,52
10808,54
10809,52
10809,54
10811,54
10812,52
10812,53
10812,59
10812,60
10812,61
10812,62
10814,51
10815,54
10817,51
10818,51
10819,52
10819,53
10819,57
10819,58
10819,59
10819,60
10819,61
10819,62
10819,63
10820,54
10822,52
10822,53
10822,54
10822,61
10822,62
10823,54
10824,55
10825,51
10826,53
10826,54
10827,55
10830,55
10832,55
10842,55
10845,60
10845,61
10845,62
10847,56
10848,56
10848,58
10848,59
10848,60
10848,61
10849,56
10850,56
10853,56
10856,56
10856,62
10873,57
10924,47
10939,52
11027,49
11027,50
11028,49
11028,50
11029,52
11030,52
11030,53
11031,53
11032,54
11032,55
11039,54
11046,48
11046,49
11048,51
11048,52
11049,47
11049,48
11051,51
11051,52
11051,53
11053,48
11053,49
11054,51
11057,51
11059,51
11059,52
11063,48
11064,48
11065,49
11066,48
11068,49
11069,47
11071,54
11072,52
11072,54
11073,50
11074,52
11075,50
11078,61
11079,50
11080,50
11081,51
11082,51
11083,48
11084,49
11084,50
11085,50
11086,50
11088,49
11089,51
11090,51
11090,54
11090,59
11090,60
11090,61
11091,54
11092,50
11093,50
11094,50
11101,50
11102,53
11103,54
11105,49
11106,49
11106,52
11113,51
11113,52
11113,53
11117,62
11118,56
11120,56
11124,56
11125,56
11158,55
11159,52
11159,53
11160,51
11160,53
11164,53
11165,51
11166,48
11167,48
11167,49
11168,48
11168,49
11169,48
11170,51
11170,52
11170,53
11171,48
11172,47
11172,48
11173,48
11174,48
11175,48
11176,48
11178,48
11179,47
11179,48
11180,47
11181,47
11182,47
11183,46
11183,47
11188,46
11196,51
11197,50
11198,50
11200,51
11201,51
11208,47
11224,53
11231,52
11231,54
11268,56
11315,51
11315,53
11316,51
11316,52
11318,51
11321,53
11321,54
11322,53
11322,54
11323,53
11325,49
11326,53
11327,49
11329,54
11330,55
11332,49
11341,52
11344,52
11375,49
11378,51
11378,52
11378,53
11379,53
11389,48
11390,50
11394,47
11401,47
11424,48
11424,49
11427,48
11430,48
11431,48
11431,49
11432,48
11432,49
11433,48
11433,49
11437,48
11438,50
11440,48
11440,49
11443,49
11443,50
11444,49
11444,50
11445,49
11445,50
11446,49
11446,50
11447,50
11448,50
11450,50
11452,50
11453,50
11455,50
11456,51
11459,51
11460,51
11461,51
11465,51
11467,51
11468,51
11470,51
11494,47
11495,52
11496,55
11498,55
11499,52
11503,52
11503,54
11506,48
11506,49
11507,48
11509,51
11510,51
11511,51
11515,48
11515,49
11516,49
11517,49
11517,50
11524,49
11524,51
11525,49
11528,47
11532,53
11532,54
11533,49
11534,48
11535,48
11539,54
11540,55
11542,47
11542,48
11543,47
11544,47
11546,51
11551,47
11552,47
11553,47
11560,47
11563,47
11564,47
11565,47
11580,54
11583,54
11584,53
11584,54
11585,53
11585,54
11586,54
11587,54
11588,54
11588,55
11589,55
11590,54
11592,55
11593,54
11593,55
11594,54
11594,55
11595,52
11595,53
11595,54
11597,55
11598,55
11599,55
11605,54
11610,47
11622,53
11660,46
11666,49
11667,48
11667,49
11674,47
11702,49
11703,49
11710,50
11710,51
11711,50
11711,51
11712,50
11712,51
11713,50
11713,51
11714,50
11714,51
11716,50
11716,51
11718,51
11719,50
11720,51
11723,51
11724,51
11725,51
11728,51
11744,51
11752,51
11766,51
11773,51
11777,49
11777,51
11778,49
11778,51
11782,51
11785,51
11810,51
11811,51
11829,46
11829,47
11836,46
11836,47
11837,47
11838,47
11871,47
11873,47
11874,47
11876,48
11878,47
11879,48
11906,51
11976,47
11979,47
11981,51
11983,47
11986,47
11987,54
11997,52
11997,53
12001,53
12001,54
12036,51
12096,47
12103,47
12128,46
12135,47
12135,48
12137,47
12138,47
12138,48
12140,47
12141,48
12142,47
12142,48
12143,48
12145,48
12148,48
12148,49
12149,48
12149,49
12171,55
12174,52
12176,51
12178,52
12195,47
12199,47
12202,47
12219,47
12221,47
12222,47
12227,47
12228,47
12228,48
12230,47
12230,48
12231,47
12231,48
12233,47
12234,47
12235,47
12235,48
12236,47
12236,48
12237,47
12237,48
12238,47
12238,48
12239,47
12239,48
12240,48
12240,49
12241,47
12242,47
12242,48
12243,47
12243,48
12244,47
12244,48
12245,54
12245,55
12250,54
12251,54
12254,54
12257,53
12257,54
12261,53
12263,48
12266,49
12353,65
12354,47
12354,48
12356,47
12356,48
12357,47
12357,48
12359,47
12360,47
12361,47
12361,48
12362,49
12364,48
12386,47
12387,47
12432,48
12439,48
12461,47
12462,47
12464,47
12466,47
12491,47
12494,47
12494,48
12495,47
12495,48
12496,47
12496,48
12497,47
12497,48
12498,47
12499,48
12501,52
12502,47
12502,48
12503,48
12505,52
12508,52
12521,53
12521,54
12524,54
12527,55
12528,47
12541,54
12542,55
12544,55
12545,55
12546,55
12553,55
12579,65
12579,66
12601,49
12602,49
12605,49
12606,49
12620,48
12621,47
12621,48
12621,52
12621,53
12628,48
12631,49
12727,47
12731,47
12754,47
12755,47
12757,47
12758,47
12759,47
12760,47
12761,47
12762,47
12763,47
12764,52
12765,52
12766,47
12767,52
12769,47
12786,55
12801,52
12813,52
12818,55
12822,48
12823,52
12825,48
12832,48
12843,48
12847,48
12848,48
12850,48
12851,53
12860,53
12861,52
12861,53
12867,47
12867,48
12868,50
12868,53
12869,48
12869,49
12879,57
12881,47
12882,47
12889,47
12932,47
12956,48
12959,48
12982,54
13024,47
13025,47
13027,47
13029,55
13033,47
13043,55
13044,50
13045,47
13047,47
13048,47
13049,47
13077,55
13082,52
13088,48
13089,48
13090,47
13093,47
13096,48
13097,48
13104,48
13108,48
13111,48
13124,52
13124,53
13125,49
13128,51
13130,51
13130,52
13131,51
13131,52
13132,49
13132,51
13132,52
13135,51
13135,52
13154,56
13157,56
13158,56
13164,54
13164,55
13166,55
13167,52
13167,54
13167,55
13171,55
13172,51
13173,54
13173,55
13174,51
13176,51
13176,55
13178,47
13178,48
13182,50
13183,51
13183,55
13192,48
13196,47
13204,48
13205,48
13206,47
13208,47
13209,47
13211,47
13212,47
13219,47
13223,48
13226,48
13227,48
13230,48
13262,56
13264,55
13268,47
13305,47
13312,47
13313,46
13313,47
13315,47
13316,47
13334,55
13334,56
13337,54
13337,55
13338,51
13362,51
13362,53
13364,53
13364,54
13367,52
13368,54
13369,51
13369,52
13369,53
13371,54
13375,54
13429,56
13430,55
13431,52
13431,55
13432,55
13434,51
13435,55
13437,51
13438,51
13439,51
13441,51
13442,51
13443,49
13444,51
13445,48
13446,49
13450,49
13453,49
13454,51
13454,54
13470,54
13470,60
13473,52
13476,47
13478,47
13479,47
13481,47
13482,47
13483,47
13485,47
13486,47
13487,47
13488,47
13489,47
13490,47
13498,47
13602,51
13604,53
13608,52
13620,52
13622,51
13627,54
13633,52
13636,54
13689,54
13689,55
13689,56
13689,57
13691,52
13691,54
13692,51
13692,52
13692,54
13693,50
13693,51
13693,52
13693,53
13693,57
13693,58
13694,51
13694,52
13694,55
13694,56
13695,47
13695,48
13696,48
13696,51
13697,48
13697,50
13697,54
13698,48
13699,54
13701,51
13702,50
13703,51
13704,51
13705,47
13705,48
13706,48
13707,52
13707,53
13708,51
13709,48
13710,48
13711,51
13712,47
13712,48
13713,48
13714,51
13714,52
13714,53
13715,48
13717,47
13719,49
13720,46
13720,47
13720,48
13721,46
13721,47
13722,53
13722,54
13729,53
13729,54
13730,48
13731,48
13731,49
13733,48
13734,47
13734,48
13738,47
13738,48
13741,47
13741,48
13745,52
13745,55
13746,52
13746,54
13746,55
13748,52
13753,47
13754,47
13755,47
13756,54
13756,55
13757,46
13757,47
13758,47
13762,47
13765,47
13767,48
13768,47
13898,52
13899,52
13901,50
13901,51
13902,50
13902,51
13906,52
13909,50
13909,51
13952,59
13952,60
13952,61
13953,53
13953,57
13953,58
13953,59
13953,60
13953,61
13955,58
13955,59
13955,60
13955,61
13955,62
13955,63
13956,57
13956,58
13956,59
13956,60
13956,61
13956,62
13958,59
13958,60
13958,61
13959,59
13959,60
13959,61
13960,51
13961,48
13962,47
13962,48
13963,56
13963,57
13963,58
13963,59
13963,60
13963,61
13965,48
13966,59
13966,60
13968,50
13969,47
13969,48
13971,46
13971,47
13974,52
13975,49
13976,49
13976,50
13976,51
13977,51
13981,52
13984,52
13993,53
14000,53
14001,50
14003,55
14004,52
14004,53
14011,50
14015,52
14019,52
14022,52
14024,56
14026,52
14029,52
14034,48
14176,50
14249,48
14249,51
14257,47
14258,55
14262,54
14265,53
14267,56
14268,52
14268,53
14268,54
14270,53
14271,54
14272,53
14273,53
14273,55
14274,52
14274,53
14274,57
14274,58
14274,59
14274,60
14275,52
14275,53
14275,54
14278,54
14281,54
14284,52
14285,52
14286,52
14288,56
14298,55
14298,56
14450,53
14450,54
14450,55
14451,52
14451,53
14454,51
14454,52
14454,53
14522,60
14522,61
14522,62
14523,60
14523,61
14523,62
14538,53
14538,56
14538,57
14538,58
14541,53
14548,53
14549,54
14553,56
14558,56
14677,50
14706,60
14718,51
14718,52
14718,53
14718,54
14718,55
14721,51
14721,52
14721,53
14721,54
14721,55
14721,56
14721,57
14721,58
14721,59
14725,51
14725,52
14741,55
14741,58
14828,48
14828,49
14829,54
14832,49
14836,55
14839,48
14839,49
14941,49
14941,50
14997,54
15000,70
15004,56
15078,61
15103,48
15108,57
15110,53
15377,48
15388,55
15652,54
15656,54
15657,48
16618,62
16618,63
16619,64
16619,65
16622,52
16623,52
16624,64
16624,65
16624,66
16624,67
16633,52
16636,52
16778,50
16786,50
16881,55
16891,54
16909,55
16910,53
16932,55
16932,56
16939,66
16940,62
16940,63
16940,64
16940,65
16941,58
16941,59
16941,60
16941,61
16941,62
16948,56
16948,57
16948,58
16948,59
17087,52
17089,54
17157,54
17160,53
17164,54
17167,52
17167,53
17170,53
17175,50
17175,51
17190,51
17217,58
17217,59
17217,60
17222,55
17222,57
17222,58
17223,55
17226,56
17230,56
17233,58
17233,59
17233,60
17233,61
17310,50
17349,50
17349,51
17352,50
17353,51
17356,49
17356,50
17359,50
17360,49
17361,49
17461,52
17468,50
17489,55
17490,56
17490,59
17492,56
17493,57
17493,58
17493,59
17493,60
17616,51
17624,50
17625,49
17627,51
17628,50
17630,52
17630,53
17631,51
17748,53
17855,53
17895,51
17969,48
17970,48
17972,48
17973,48
17973,49
17980,49
17981,48
17982,48
17987,48
17989,48
17990,48
17991,48
17998,48
17999,48
18020,55
18109,48
18118,55
18119,53
18119,56
18122,53
18122,56
18176,47
18178,47
18184,48
18205,50
18208,48
18209,48
18210,48
18217,48
18218,48
18228,48
18235,48
18236,49
18237,49
18244,49
18245,49
18246,49
18249,51
18253,49
18255,49
18256,51
18258,50
18259,52
18260,51
18260,52
18261,51
18261,52
18264,48
18264,49
18265,50
18266,50
18266,51
18267,52
18267,53
18268,51
18268,52
18271,49
18350,53
18351,52
18358,52
18365,50
18404,48
18431,48
18432,48
18437,47
18442,47
18454,50
18455,50
18457,49
18464,50
18464,51
18466,50
18467,50
18467,51
18524,53
18525,53
18623,52
18625,51
18636,50
18638,50
18639,50
18641,50
18643,50
18644,50
18668,48
18668,49
18671,48
18671,49
18672,48
18672,49
18674,48
18679,51
18680,51
18681,51
18682,51
18683,51
18684,51
18688,48
18689,48
18690,47
18690,48
18692,47
18692,48
18693,47
18693,48
18695,48
18697,47
18697,48
18698,47
18700,48
18707,51
18709,51
18721,48
18731,50
18731,51
18799,53
18800,53
18801,52
18801,53
18808,52
18808,53
18878,53
18881,49
18881,50
18895,49
18902,49
18916,47
18922,47
18923,47
18924,50
18926,50
18927,51
18931,50
18932,48
18932,49
18934,51
18935,51
18936,51
18937,48
18939,51
18940,51
18942,47
18942,48
18944,52
18946,51
18947,51
18949,47
18949,48
18950,51
18953,47
18953,48
18954,47
18954,48
18955,51
18958,51
18961,47
18961,48
18962,47
18963,49
18973,51
18980,51
18986,51
18987,52
18989,51
18989,52
18990,49
18996,47
18996,49
19001,48
19002,48
19002,49
19026,51
19030,51
19033,48
19042,49
19043,49
19044,48
19048,50
19049,48
19050,47
19050,48
19051,48
19052,48
19053,50
19057,50
19058,49
19060,50
19061,50
19064,48
19066,47
19067,47
19069,48
19070,47
19073,52
19074,52
19075,47
19076,46
19076,47
19077,46
19077,47
19079,47
19081,55
19085,51
19085,53
19085,54
19086,53
19086,54
19093,54
19094,54
19095,54
19096,51
19097,51
19098,51
19102,54
19102,60
19103,52
19103,54
19103,61
19104,54
19105,54
19107,54
19112,54
19113,54
19114,51
19114,54
19120,54
19121,48
19121,49
19122,54
19125,48
19129,54
19129,55
19130,55
19133,54
19134,54
19137,53
19138,54
19141,54
19142,53
19144,52
19150,52
19173,47
19175,47
19180,47
19181,47
19199,51
19214,49
19215,49
19218,48
19220,50
19221,50
19222,50
19223,50
19224,50
19225,47
19225,48
19227,52
19227,54
19228,50
19230,49
19230,50
19231,50
19231,51
19232,50
19233,50
19234,54
19239,54
19240,50
19246,54
19248,53
19249,54
19251,48
19252,51
19253,49
19254,48
19254,49
19255,47
19255,48
19256,48
19256,49
19257,48
19257,49
19257,51
19258,49
19259,48
19259,49
19260,49
19260,52
19307,48
19308,48
19310,47
19311,47
19315,48
19316,48
19318,47
19324,50
19325,50
19333,48
19334,55
19342,55
19343,54
19344,54
19345,55
19352,54
19353,54
19361,54
19369,54
19378,53
19378,54
19380,48
19387,47
19390,54
19391,53
19395,53
19405,53
19407,52
19414,52
19442,47
19442,48
19449,53
19449,54
19450,55
19478,49
19481,49
19482,49
19483,48
19484,49
19485,49
19486,50
19487,50
19488,50
19488,51
19489,50
19490,50
19490,51
19491,50
19491,51
19493,51
19494,50
19494,51
19495,50
19495,51
19496,50
19497,50
19498,50
19498,51
19499,50
19499,52
19500,50
19501,50
19501,51
19502,50
19502,52
19503,50
19503,53
19504,50
19507,50
19508,52
19508,54
19509,52
19509,54
19510,50
19511,49
19512,48
19512,49
19514,53
19514,54
19515,52
19515,53
19517,48
19517,49
19518,49
19519,48
19519,49
19520,49
19522,52
19522,53
19523,53
19546,48
19650,53
19650,54
19650,60
19650,61
19650,62
19652,56
19653,53
19657,53
19657,54
19659,53
19661,54
19661,55
19662,55
19669,55
19675,52
19676,52
19701,50
19706,50
19707,50
19713,53
19713,54
19715,51
19716,53
19716,54
19718,51
19718,53
19719,51
19719,52
19719,53
19736,55
19749,49
19750,48
19753,48
19755,48
19756,49
19757,50
19758,50
19758,51
19759,49
19760,50
19761,50
19762,49
19763,49
19764,50
19765,50
19765,51
19766,50
19766,52
19767,50
19768,50
19769,50
19770,50
19772,50
19773,55
19774,50
19775,48
19775,49
19776,48
19776,49
19777,50
19778,51
19778,54
19778,55
19779,54
19779,55
19780,51
19783,49
19784,54
19786,54
19786,55
19814,48
19814,49
19817,49
19817,50
19817,59
19818,49
19822,58
19822,59
19823,49
19823,59
19823,60
19823,61
19824,61
19825,49
19825,61
19825,62
19826,50
19826,62
19826,63
19826,64
19827,49
19860,50
19884,47
19884,48
19891,47
19891,48
19892,47
19906,55
19907,54
19907,55
19909,47
19967,54
19968,54
19975,54
19976,53
19977,54
19983,51
19983,52
19983,53
19984,54
19985,52
19985,53
19986,51
19986,52
19986,53
19990,52
19990,53
19992,55
19993,52
19993,53
19994,54
19995,52
19995,53
19995,54
19997,54
20002,54
20004,47
20009,47
20010,47
20011,47
20014,55
20016,56
20017,48
20018,55
20080,58
20080,59
20081,49
20081,50
20081,58
20081,59
20081,60
20082,49
20082,50
20082,61
20082,62
20089,49
20089,50
20090,50
20128,46
20131,47
20132,47
20132,48
20133,48
20140,48
20170,55
20170,56
20262,55
20278,56
20382,49
20385,47
20386,49
20387,49
20389,49
20390,46
20391,47
20391,48
20392,46
20392,47
20394,47
20394,48
20395,48
20396,47
20396,48
20397,47
20397,48
20398,47
20398,48
20399,47
20399,48
20400,47
20400,48
20401,48
20402,47
20402,48
20403,48
20404,48
20404,49
20405,48
20407,47
20407,48
20408,48
20408,49
20409,48
20410,47
20410,48
20411,49
20412,48
20416,48
20418,55
20419,48
20420,53
20420,54
20428,52
20439,52
20444,55
20447,55
20448,55
20455,55
20648,47
20648,48
20649,46
20649,47
20650,47
20650,48
20651,48
20652,46
20652,47
20653,47
20655,46
20655,47
20656,47
20657,46
20657,47
20658,47
20659,46
20659,47
20660,46
20661,46
20662,50
20663,50
20664,50
20665,47
20666,47
20666,48
20667,47
20668,46
20669,46
20670,52
20670,55
20671,50
20671,51
20673,52
20673,54
20673,55
20674,48
20674,49
20675,49
20676,48
20677,52
20677,53
20677,54
20678,49
20679,49
20680,53
20680,54
20680,55
20681,53
20681,54
20682,53
20683,48
20684,51
20684,52
20684,53
20686,49
20687,48
20688,52
20689,52
20689,53
20689,54
20690,53
20690,55
20693,52
20694,52
20695,52
20696,47
20697,52
20700,52
20701,52
20702,52
20703,52
20704,52
20707,52
20711,55
20712,55
20714,55
20715,55
20716,52
20719,54
20719,55
20722,55
20723,55
20723,56
20735,55
20736,54
20736,55
20741,55
20743,54
20745,54
20752,54
20753,54
20754,54
20772,56
20887,49
20888,49
20897,49
20898,49
20902,49
20903,49
20905,49
20907,48
20908,50
20909,49
20913,48
20914,48
20918,47
20920,50
20921,49
20922,49
20923,48
20924,49
20925,49
20927,55
20927,56
20928,55
20929,49
20930,54
20930,55
20931,54
20931,55
20933,49
20934,54
20935,55
20937,55
20938,54
20938,55
20939,54
20939,55
20940,55
20941,54
20941,55
20942,54
20942,55
20943,55
20944,53
20944,54
20944,55
20947,55
20948,53
20948,54
20949,53
20949,54
20949,55
20950,55
20951,54
20953,53
20953,54
20954,54
20954,55
20955,55
20956,54
20959,47
20960,51
20961,51
20962,52
20962,55
20963,52
20968,51
20970,46
20971,52
20971,54
20971,55
20973,51
20974,51
20975,51
20978,51
20978,55
20979,54
20979,61
20985,54
20986,55
20988,54
20992,55
20995,54
20996,54
20999,55
21000,54
21000,55
21001,54
21001,55
21002,55
21003,55
21005,53
21005,54
21006,54
21007,54
21007,55
21009,54
21010,55
21013,54
21016,52
21016,54
21017,47
21018,53
21018,54
21025,54
21026,54
21027,52
21027,54
21027,55
21034,54
21034,55
21038,49
21039,49
21039,54
21046,51
21049,48
21050,54
21059,56
21060,56
21153,49
21154,49
21155,49
21155,50
21156,49
21157,48
21158,50
21159,49
21159,50
21160,49
21161,49
21162,49
21162,50
21163,50
21164,48
21166,50
21167,48
21169,48
21173,47
21174,47
21176,47
21177,47
21178,48
21179,48
21180,48
21188,48
21189,49
21196,54
21196,55
21197,49
21198,49
21199,52
21201,49
21202,52
21205,54
21205,55
21207,51
21207,55
21208,49
21210,51
21212,51
21213,51
21214,51
21214,55
21215,50
21216,50
21217,51
21218,46
21218,47
21219,46
21219,47
21220,51
21221,49
21222,47
21223,51
21223,54
21224,51
21225,51
21226,47
21227,47
21237,46
21241,46
21242,51
21243,52
21249,51
21251,55
21252,54
21252,55
21253,59
21256,51
21257,51
21259,54
21260,54
21264,48
21266,50
21267,48
21267,49
21269,53
21269,54
21270,53
21270,54
21271,48
21274,48
21274,49
21281,61
21315,50
21320,48
21321,48
21322,54
21325,48
21326,48
21327,48
21328,48
21329,48
21330,48
21334,53
21335,53
21338,53
21339,53
21344,53
21345,53
21353,53
21354,53
21359,53
21360,53
21363,52
21364,53
21366,52
21369,54
21370,53
21373,52
21374,53
21375,53
21383,53
21384,53
21391,53
21393,53
21401,52
21406,53
21409,52
21410,47
21410,48
21410,49
21411,53
21422,48
21423,48
21425,47
21426,48
21426,49
21428,47
21429,47
21430,48
21432,47
21433,48
21433,49
21439,47
21440,47
21442,46
21442,47
21445,46
21455,46
21476,49
21477,49
21504,47
21511,47
21513,51
21531,48
21531,49
21531,50
21534,48
21534,49
21534,50
21537,54
21537,55
21538,48
21538,49
21584,53
21585,53
21592,48
21593,48
21621,53
21629,50
21637,53
21638,52
21638,53
21646,53
21647,54
21656,53
21664,52
21665,52
21666,47
21666,48
21668,49
21669,47
21669,48
21671,53
21672,49
21672,52
21673,47
21673,48
21674,47
21674,48
21674,49
21675,47
21675,48
21676,47
21676,48
21676,49
21676,51
21677,47
21677,48
21677,49
21677,50
21678,47
21678,48
21679,49
21679,51
21679,52
21680,48
21680,51
21683,53
21689,52
21694,48
21695,51
21696,51
21697,48
21698,51
21702,46
21703,51
21705,47
21706,51
21709,46
21710,51
21711,51
21712,47
21713,55
21716,55
21717,54
21719,47
21721,46
21722,47
21723,47
21724,46
21725,47
21727,47
21728,47
21729,47
21730,47
21731,47
21732,47
21733,47
21735,47
21736,47
21739,46
21742,46
21742,47
21743,55
21744,55
21750,48
21753,48
21757,48
21760,48
21771,47
21778,46
21778,47
21779,51
21781,55
21786,55
21789,55
21795,55
21798,55
21800,55
21824,55
21825,54
21829,55
21830,55
21832,54
21838,55
21839,56
21963,51
21981,46
21983,47
21984,47
21986,47
21987,47
21988,46
21989,47
21990,47
21991,47
21992,47
21993,47
21994,47
21995,47
21996,47
21997,51
22011,51
22014,55
22024,48
22027,48
22028,48
22029,48
22032,48
22033,47
22033,48
22034,47
22035,47
22036,47
22036,48
22037,50
22039,50
22042,47
22044,55
22045,48
22046,55
22049,51
22051,54
22054,54
22055,51
22056,51
22057,54
22057,55
22059,47
22059,48
22060,51
22063,47
22063,48
22068,52
22069,54
22069,55
22087,51
22089,51
22092,51
22095,49
22097,54
22099,51
22100,51
22103,51
22105,55
22106,55
22108,54
22113,54
22121,53
22122,53
22202,55
22250,47
22251,47
22252,50
22253,47
22254,47
22256,47
22258,47
22295,48
22296,48
22297,48
22298,51
22299,51
22299,54
22300,54
22301,54
22303,50
22304,50
22304,54
22311,55
22312,50
22315,55
22316,51
22318,55
22319,56
22323,48
22330,52
22375,50
22375,55
22381,55
22383,54
22384,51
22388,54
22389,53
22389,54
22393,53
22396,52
22396,53
22397,53
22398,53
22400,53
22406,53
22408,53
22441,55
22442,54
22445,55
22541,47
22544,47
22564,55
22571,56
22580,56
22582,55
22622,48
22623,48
22630,48
22644,50
22647,54
22649,54
22650,54
22655,52
22655,54
22656,52
22658,49
22660,50
22663,54
22664,53
22666,49
22667,51
22667,52
22668,52
22668,53
22669,48
22670,50
22670,51
22670,52
22671,50
22671,51
22671,52
22673,53
22674,53
22675,52
22675,53
22676,52
22677,53
22678,52
22679,52
22680,53
22681,53
22684,53
22687,53
22700,55
22709,55
22781,47
22787,48
22805,55
22808,47
22810,54
22813,53
22815,49
22821,50
22822,49
22890,51
22893,51
22896,51
22897,51
22900,51
22915,49
22916,52
22916,53
22917,53
22920,52
22925,49
22926,49
22934,48
22935,50
22935,51
22942,51
22944,52
22945,52
22955,53
22965,54
23043,48
23045,49
23051,48
23052,48
23054,48
23055,48
23057,48
23058,48
23071,53
23071,54
23074,53
23078,48
23079,49
23079,52
23080,49
23086,51
23086,52
23193,52
23253,55
23253,59
23278,55
23283,55
23320,48
23321,48
23329,55
23331,54
23338,54
23538,55
23581,47
23699,52
24122,64
24136,62
24396,65
24396,66
24396,67
24403,67
24403,68
24406,65
24406,66
24406,67
24431,51
24836,55
24853,55
24884,54
24975,57
24978,57
25021,51
25043,54
25240,50
25305,54
25306,54
25309,53
25310,53
25423,54
25501,49
25571,52
25578,53
25582,52
25587,52
25590,53
25591,52
25591,58
25591,59
25591,60
25593,52
25595,52
25603,53
25635,54
25666,52
25674,52
25855,53
25857,51
25859,53
25862,61
25862,62
25865,52
25866,53
25867,58
25867,59
25868,52
25869,54
25870,53
25871,52
25871,59
25872,53
25877,53
25878,52
25879,52
25880,51
25887,53
25912,53
25913,53
25915,53
25916,53
25926,52
25926,59
25948,54
25961,53
25968,53
25969,52
25969,53
25970,53
26086,48
26115,48
26117,49
26117,51
26120,49
26122,50
26127,50
26130,54
26131,54
26132,53
26139,52
26141,52
26144,52
26149,53
26150,53
26176,53
26177,53
26201,51
26205,51
26206,51
26208,51
26209,51
26214,53
26221,52
26221,53
26229,51
26230,52
26230,53
26238,54
26325,48
26347,52
26349,49
26349,50
26349,51
26351,49
26351,50
26351,51
26395,48
26401,47
26464,51
26472,50
26475,50
26481,54
26614,49
26614,50
26614,51
26626,53
26627,53
26634,53
26651,54
26655,53
26656,51
26659,51
26659,52
26660,51
26663,51
26663,52
26667,48
26668,48
26669,48
26670,51
26671,48
26672,48
26676,49
26679,49
26736,50
26737,50
26738,50
26745,50
26746,50
26758,55
26865,48
26865,50
26886,53
26888,51
26889,52
26891,51
26892,49
26893,48
26894,46
26894,47
26898,51
26899,52
26901,46
26901,47
26902,51
26903,52
26913,55
26917,55
26918,55
26929,56
26931,51
26931,52
26932,51
26933,48
26936,53
26940,51
26943,51
26943,52
26946,53
26947,53
27132,52
27135,52
27153,48
27153,49
27154,48
27155,48
27155,49
27156,48
27156,49
27156,51
27157,48
27157,49
27157,50
27158,48
27158,49
27158,50
27159,49
27159,50
27159,51
27160,48
27160,49
27160,50
27161,48
27161,49
27161,50
27162,46
27162,47
27162,48
27162,49
27163,47
27163,48
27163,49
27164,49
27164,50
27164,51
27164,52
27165,49
27166,48
27166,49
27167,48
27167,49
27167,50
27168,48
27168,49
27168,50
27169,48
27169,49
27170,48
27170,49
27170,50
27174,49
27174,50
27174,51
27177,49
27177,50
27177,51
27178,52
27208,54
27211,55
27217,55
27219,55
27220,55
27227,55
27229,55
27244,55
27336,64
27336,65
27336,66
27339,55
27339,56
27354,51
27386,49
27386,50
27386,51
27388,51
27388,52
27390,49
27390,50
27390,51
27390,54
27391,50
27392,50
27393,49
27394,49
27420,52
27420,53
27421,50
27421,51
27422,50
27422,51
27429,49
27429,50
27430,49
27430,50
27431,48
27431,49
27431,50
27432,52
27433,51
27434,50
27434,51
27437,52
27438,49
27438,50
27439,51
27441,49
27441,50
27442,51
27444,49
27444,50
27444,51
27445,51
27446,52
27461,56
27464,56
27471,56
27593,62
27593,63
27596,58
27600,57
27601,63
27601,64
27654,48
27654,49
27655,49
27685,49
27698,52
27705,52
27707,52
27713,53
27725,56
27732,56
27857,59
27857,60
27859,58
27859,59
27859,60
27859,61
27861,59
27861,60
27862,68
28118,52
28122,59
28123,53
28123,54
28123,55
28123,56
28123,57
28125,52
28148,45
28386,61
28386,62
28386,63
28386,64
28386,65
28387,55
28387,56
28469,48
28479,48
28631,51
28657,62
28657,63
28738,50
28739,50
28740,48
28744,48
28745,51
28745,52
28745,53
28747,51
28747,54
28885,51
28886,49
28886,51
28887,52
28891,50
28892,50
28893,49
28899,51
28900,54
28903,51
28904,51
28904,52
28906,50
28906,51
28922,49
28930,52
28930,53
28932,50
28960,51
28997,50
28997,51
28997,52
29000,50
29002,50
29006,51
29007,50
29008,51
29010,51
29017,54
29017,55
29019,55
29125,56
29128,55
29134,52
29140,53
29141,52
29142,52
29143,50
29143,51
29148,50
29148,51
29193,49
29201,56
29228,52
29228,53
29232,52
29235,52
29257,51
29257,52
29267,51
29268,52
29270,51
29273,49
29274,56
29280,51
29322,54
29333,54
29351,53
29358,52
29360,51
29360,52
29367,47
29367,48
29367,49
29368,50
29368,51
29369,51
29376,51
29376,52
29377,53
29389,54
29390,51
29390,52
29393,51
29395,52
29395,53
29396,49
29396,50
29400,50
29444,48
29446,47
29446,48
29447,47
29447,48
29449,48
29450,47
29450,48
29451,47
29454,47
29461,55
29497,52
29499,52
29532,54
29536,55
29539,56
29541,49
29542,51
29544,55
29548,55
29560,52
29561,52
29562,52
29563,52
29564,52
29565,53
29567,53
29569,52
29573,52
29576,53
29577,52
29583,52
29583,53
29585,52
29586,50
29587,50
29588,50
29589,51
29590,51
29592,52
29593,52
29594,52
29595,51
29596,51
29597,51
29602,52
29603,52
29604,51
29605,51
29610,48
29610,49
29610,50
29611,47
29611,48
29612,47
29612,48
29612,49
29619,47
29619,48
29619,49
29620,47
29620,48
29620,49
29621,47
29621,48
29621,49
29623,51
29623,52
29624,52
29628,47
29628,48
29628,49
29629,47
29629,48
29629,50
29630,50
29631,51
29631,52
29632,49
29632,51
29632,52
29633,49
29633,51
29635,51
29635,52
29635,53
29635,54
29636,51
29636,52
29636,53
29637,47
29638,50
29638,51
29639,51
29639,52
29640,48
29640,51
29641,50
29641,51
29642,50
29642,51
29643,48
29643,51
29643,52
29644,48
29645,49
29646,52
29649,49
29652,49
29670,49
29671,49
29674,58
29674,59
29674,60
29711,47
29740,46
29740,47
29756,53
29780,50
29787,50
29787,51
29824,53
29832,52
29833,51
29834,52
29836,53
29841,52
29896,54
29897,53
29897,54
29904,51
29904,53
29905,48
29908,48
29909,47
29909,48
29924,49
29953,66
29953,67
29954,67
29954,68
29965,67
29986,47
29988,47
29989,47
29990,47
29992,47
29992,48
29993,47
29993,48
30000,47
30000,48
30002,55
30041,51
30044,52
30047,54
30047,55
30048,51
30051,52
30051,55
30052,52
30054,53
30054,54
30054,55
30152,54
30156,56
30212,59
30212,60
30212,61
30212,62
30212,63
30218,53
30218,61
30218,62
30218,63
30218,64
30218,65
30219,59
30219,60
30219,61
30219,62
30219,63
30219,64
30219,65
30220,56
30220,57
30228,62
30228,63
30242,50
30242,53
30244,47
30245,47
30247,51
30247,54
30252,48
30252,49
30253,47
30253,48
30253,50
30254,48
30254,50
30254,51
30256,53
30257,52
30257,53
30261,48
30261,49
30261,50
30262,47
30262,48
30264,53
30267,54
30272,46
30272,47
30275,51
30278,53
30282,50
30283,48
30285,51
30286,50
30308,54
30308,55
30310,56
30311,55
30315,52
30315,53
30315,54
30316,55
30318,53
30318,54
30419,53
30471,51
30493,50
30493,51
30494,49
30501,50
30501,51
30521,54
30533,54
30540,54
30545,53
30547,50
30547,51
30548,49
30548,50
30550,52
30551,50
30552,53
30553,51
30554,50
30555,49
30556,47
30558,49
30558,50
30561,49
30561,50
30583,54
30586,55
30590,55
30725,48
30725,49
30731,61
30731,62
30731,63
30731,64
30793,56
30801,56
30802,55
30805,54
30806,53
30813,53
30815,50
30818,52
30820,54
30821,54
30822,50
30823,49
30824,48
30825,51
30826,49
30826,50
30827,48
30827,49
30829,51
30830,50
30830,60
30830,61
30831,48
30834,48
30837,48
30837,49
30985,50
30991,63
30991,64
30991,65
30991,66
30992,60
30992,61
30992,62
30992,63
30992,64
31064,55
31067,56
31071,55
31073,55
31074,56
31075,55
31076,55
31078,56
31080,60
31082,54
31086,55
31090,54
31091,53
31091,54
31098,53
31098,54
31098,57
31098,58
31098,59
31098,60
31099,49
31100,48
31100,49
31101,55
31105,56
31122,50
31122,51
31122,54
31123,49
31125,53
31140,49
31237,50
31261,52
31263,54
31264,51
31358,61
31365,59
31365,60
31379,56
31384,50
31385,48
31385,49
31385,50
31392,48
31493,50
31496,50
31497,49
31497,50
31500,49
31500,50
31522,65
31522,66
31522,67
31523,65
31523,66
31528,65
31528,66
31528,67
31529,64
31529,65
31529,66
31529,67
31532,64
31536,65
31536,66
31539,64
31539,65
31579,51
31591,50
31595,50
31596,51
31600,49
31774,65
31774,66
31775,64
31775,65
31775,66
31775,67
31777,65
31777,66
31780,65
31780,66
31782,64
31782,65
31782,66
31782,67
31936,54
32107,62
32107,63
32107,64
32108,59
32108,60
32108,61
32108,62
32115,58
32115,59
32119,65
32119,66
32120,65
32120,66
32120,67
32120,68
32128,64
32128,65
32177,53
32753,55
32871,53
32874,54
32880,53
32882,53
33127,55
33264,56
33265,56
33267,56
33491,65
33515,57
33516,58
33518,63
33522,57
33767,58
33767,59
33769,58
33770,58
33771,59
33772,59
33773,59
33774,58
33774,59
33775,60
33777,58
33778,58
33836,54
34011,63
34012,59
34013,59
34014,64
34015,60
34016,60
34021,60
34022,60
34023,60
34024,61
34025,61
34027,60
34028,59
34028,60
34029,61
34030,61
34031,62
34032,62
34035,60
34276,62
34277,61
34283,67
34284,61
34285,62
34290,66
34291,66
34296,66
34346,60
34352,58
34353,59
34355,58
34358,58
34360,60
34551,67
34601,62
34601,63
34604,61
34604,62
34607,60
34608,60
34608,61
34608,62
34609,59
34610,58
34611,59
34611,60
34612,57
34612,58
34613,57
34616,59
34617,58
34620,57
34621,56
34622,57
34624,60
34624,61
34864,63
34864,64
34865,60
34867,61
34868,58
34868,59
34868,60
34869,68
34869,69
34870,59
34870,60
34870,61
34871,59
34872,58
34872,59
34872,60
34873,56
34873,57
34875,57
34875,58
34876,56
34876,57
34877,56
34878,57
34878,58
34879,57
34880,57
34881,56
34882,55
34883,55
34884,56
34885,55
34885,60
34885,61
34886,54
34886,60
34886,61
34886,62
34887,56
34888,55
34888,60
34889,54
34889,59
34889,60
34889,61
34894,60
34894,61
34895,58
35131,58
35131,59
35131,60
35132,59
35133,68
35134,58
35134,59
35137,59
35139,58
35140,57
35141,56
35142,58
35143,58
35144,57
35148,56
35149,55
35150,59
35150,60
35150,61
35151,56
35154,55
35154,56
35154,57
35155,57
35157,60
35157,61
35159,59
35159,60
35159,61
35160,60
35160,61
35161,58
35161,59
35161,60
35161,61
35161,62
35162,60
35162,61
35190,60
35190,61
35194,61
35197,61
35404,65
35417,57
35417,58
35417,59
35424,58
35424,59
35424,60
35425,59
35425,60
35425,61
35425,62
35426,56
35426,57
35426,58
35426,59
35427,59
35427,60
35427,61
35429,58
35429,59
35459,62
35462,62
35473,63
35474,64
35482,67
35665,68
35673,63
35676,65
35677,63
35733,63
35734,64
35735,64
35742,65
35951,58
35951,59
35969,59
35979,59
36240,59
36244,59
36245,60
36248,60
36255,60
36516,60
36520,60
36521,60
36528,61
36529,62
36531,60
36532,60
36532,61
36533,61
36533,62
36540,63
36541,64
36793,61
36794,61
36794,62
36801,61
36801,62
36802,62
36802,63
36803,63
36803,64
36805,62
36806,62
36810,64
36810,65
36811,66
36813,62
36813,63
36814,64
36814,65
36815,64
36817,61
36818,61
36825,60
36825,66
36827,67
37095,68
37098,65
37588,61
37589,63
37591,59
37591,60
37591,61
37596,63
37596,64
37853,57
37853,58
37853,59
37853,60
37860,57
37860,58
37860,59
37860,60
37860,61
37861,63
37862,63
37862,64
37864,60
37864,61
39295,62
39295,63
39705,51
39826,66
39827,66
39978,54
39981,53
39984,52
39986,59
40066,56
40067,56
40072,57
40073,58
40074,57
40075,58
40076,59
40080,58
40081,59
40082,59
40087,60
40088,60
40095,60
40245,52
40321,55
40322,56
40327,57
40551,65
40553,55
40657,64
40657,65
40658,53
40668,51
40705,55
40707,51
40899,63
40899,64
40924,69
40924,70
40929,70
40931,69
40939,68
40939,69
41258,61
41258,62
41364,60
41364,61
41364,62
41364,63
41367,60
41367,61
41367,62
41367,63
41367,64
41370,63
41371,60
41371,61
41371,62
41371,63
41372,60
41372,61
41372,62
41372,63
41373,61
41374,59
41374,60
41374,61
41374,62
41374,63
41375,62
41375,63
41377,64
41378,65
41378,66
41380,62
41381,64
41383,62
41384,65
41520,60
41532,56
41535,60
41542,57
41543,55
41594,63
41595,63
41596,63
41596,64
41597,63
41597,64
41603,62
41603,63
41604,59
41604,60
41604,61
41604,62
41606,57
41606,63
41606,64
41607,58
41607,59
41607,60
41607,61
41611,61
41614,59
41614,60
41616,59
41620,57
41637,61
41639,63
41640,65
41644,63
41803,61
41804,57
41805,55
41807,61
41812,55
41829,54
41834,55
41835,57
41836,55
41866,59
41868,59
41868,60
41868,61
42085,67
42086,67
42086,68
42087,66
42089,55
42090,57
42091,62
43882,67
43882,68
44399,61
44399,62
44399,63
44399,64
44401,62
44401,63
44401,64
44402,60
44402,61
44402,62
44402,63
44402,64
44654,62
44654,63
44655,62
44655,63
44655,64
44662,60
44662,61
44662,62
44662,63
44663,60
44663,61
44663,62
44663,63
44663,64
44664,62
44664,63
44664,64
44666,60
44666,61
44666,62
44666,63
45968,60
46230,60
46230,61
46896,67
47190,60
47190,67
47200,57
47203,57
47204,60
47464,56
47467,55
47470,55
47727,55
47729,56
47730,55
47731,55
47745,63
47745,64
47765,62
47770,71
47928,66
47958,59
47960,59
47961,64
47965,66
47990,56
47991,54
47994,54
47996,56
47997,54
48004,54
48025,58
48026,59
48027,58
48030,57
48035,55
48038,55
48039,54
48049,54
48050,53
48215,63
48216,63
48216,64
48218,63
48219,64
48220,60
48221,65
48223,64
48258,55
48265,54
48319,53
48591,66
